,studyName,Sample Number,Species,Region,Island,Stage,Individual ID,Clutch Completion,Date Egg,Culmen Length (mm),Culmen Depth (mm),Flipper Length (mm),Body Mass (g),Sex,Delta 15 N (o/oo),Delta 13 C (o/oo),species_id
1,PAL0708,2,Adelie Penguin (Pygoscelis adeliae),Anvers,Torgersen,"Adult, 1 Egg Stage",N1A2,Yes,2011/11/7,39.5,17.4,186,3800,FEMALE,8.94956,-24.69454,1
2,PAL0708,3,Adelie Penguin (Pygoscelis adeliae),Anvers,Torgersen,"Adult, 1 Egg Stage",N2A1,Yes,11/16/07,40.3,18,195,3250,FEMALE,8.36821,-25.33302,1
4,PAL0708,5,Adelie Penguin (Pygoscelis adeliae),Anvers,Torgersen,"Adult, 1 Egg Stage",N3A1,Yes,11/16/07,36.7,19.3,193,3450,FEMALE,8.76651,-25.32426,1
5,PAL0708,6,Adelie Penguin (Pygoscelis adeliae),Anvers,Torgersen,"Adult, 1 Egg Stage",N3A2,Yes,11/16/07,39.3,20.6,190,3650,MALE,8.66496,-25.29805,1
6,PAL0708,7,Adelie Penguin (Pygoscelis adeliae),Anvers,Torgersen,"Adult, 1 Egg Stage",N4A1,No,11/15/07,38.9,17.8,181,3625,FEMALE,9.18718,-25.21799,1
7,PAL0708,8,Adelie Penguin (Pygoscelis adeliae),Anvers,Torgersen,"Adult, 1 Egg Stage",N4A2,No,11/15/07,39.2,19.6,195,4675,MALE,9.4606,-24.89958,1
14,PAL0708,15,Adelie Penguin (Pygoscelis adeliae),Anvers,Torgersen,"Adult, 1 Egg Stage",N8A1,Yes,11/16/07,34.6,21.1,198,4400,MALE,8.55583,-25.22588,1
16,PAL0708,17,Adelie Penguin (Pygoscelis adeliae),Anvers,Torgersen,"Adult, 1 Egg Stage",N9A1,Yes,2011/12/7,38.7,19,195,3450,FEMALE,9.18528,-25.06691,1
17,PAL0708,18,Adelie Penguin (Pygoscelis adeliae),Anvers,Torgersen,"Adult, 1 Egg Stage",N9A2,Yes,2011/12/7,42.5,20.7,197,4500,MALE,8.67538,-25.13993,1
18,PAL0708,19,Adelie Penguin (Pygoscelis adeliae),Anvers,Torgersen,"Adult, 1 Egg Stage",N10A1,Yes,11/16/07,34.4,18.4,184,3325,FEMALE,8.47827,-25.23319,1
19,PAL0708,20,Adelie Penguin (Pygoscelis adeliae),Anvers,Torgersen,"Adult, 1 Egg Stage",N10A2,Yes,11/16/07,46,21.5,194,4200,MALE,9.11616,-24.77227,1
20,PAL0708,21,Adelie Penguin (Pygoscelis adeliae),Anvers,Biscoe,"Adult, 1 Egg Stage",N11A1,Yes,2011/12/7,37.8,18.3,174,3400,FEMALE,8.73762,-25.09383,1
21,PAL0708,22,Adelie Penguin (Pygoscelis adeliae),Anvers,Biscoe,"Adult, 1 Egg Stage",N11A2,Yes,2011/12/7,37.7,18.7,180,3600,MALE,8.66271,-25.0639,1
22,PAL0708,23,Adelie Penguin (Pygoscelis adeliae),Anvers,Biscoe,"Adult, 1 Egg Stage",N12A1,Yes,2011/12/7,35.9,19.2,189,3800,FEMALE,9.22286,-25.03474,1
23,PAL0708,24,Adelie Penguin (Pygoscelis adeliae),Anvers,Biscoe,"Adult, 1 Egg Stage",N12A2,Yes,2011/12/7,38.2,18.1,185,3950,MALE,8.43423,-25.22664,1
24,PAL0708,25,Adelie Penguin (Pygoscelis adeliae),Anvers,Biscoe,"Adult, 1 Egg Stage",N13A1,Yes,2011/10/7,38.8,17.2,180,3800,MALE,9.63954,-25.29856,1
25,PAL0708,26,Adelie Penguin (Pygoscelis adeliae),Anvers,Biscoe,"Adult, 1 Egg Stage",N13A2,Yes,2011/10/7,35.3,18.9,187,3800,FEMALE,9.21292,-24.3613,1
26,PAL0708,27,Adelie Penguin (Pygoscelis adeliae),Anvers,Biscoe,"Adult, 1 Egg Stage",N17A1,Yes,2011/12/7,40.6,18.6,183,3550,MALE,8.93997,-25.36288,1
27,PAL0708,28,Adelie Penguin (Pygoscelis adeliae),Anvers,Biscoe,"Adult, 1 Egg Stage",N17A2,Yes,2011/12/7,40.5,17.9,187,3200,FEMALE,8.08138,-25.49448,1
28,PAL0708,29,Adelie Penguin (Pygoscelis adeliae),Anvers,Biscoe,"Adult, 1 Egg Stage",N18A1,No,2011/10/7,37.9,18.6,172,3150,FEMALE,8.38404,-25.19837,1
29,PAL0708,30,Adelie Penguin (Pygoscelis adeliae),Anvers,Biscoe,"Adult, 1 Egg Stage",N18A2,No,2011/10/7,40.5,18.9,180,3950,MALE,8.90027,-25.11609,1
30,PAL0708,31,Adelie Penguin (Pygoscelis adeliae),Anvers,Dream,"Adult, 1 Egg Stage",N21A1,Yes,2011/9/7,39.5,16.7,178,3250,FEMALE,9.69756,-25.11223,1
31,PAL0708,32,Adelie Penguin (Pygoscelis adeliae),Anvers,Dream,"Adult, 1 Egg Stage",N21A2,Yes,2011/9/7,37.2,18.1,178,3900,MALE,9.72764,-25.0102,1
32,PAL0708,33,Adelie Penguin (Pygoscelis adeliae),Anvers,Dream,"Adult, 1 Egg Stage",N22A1,Yes,2011/9/7,39.5,17.8,188,3300,FEMALE,9.66523,-25.0602,1
33,PAL0708,34,Adelie Penguin (Pygoscelis adeliae),Anvers,Dream,"Adult, 1 Egg Stage",N22A2,Yes,2011/9/7,40.9,18.9,184,3900,MALE,8.79665,-25.14591,1
34,PAL0708,35,Adelie Penguin (Pygoscelis adeliae),Anvers,Dream,"Adult, 1 Egg Stage",N23A1,Yes,11/16/07,36.4,17,195,3325,FEMALE,9.17847,-25.23061,1
35,PAL0708,36,Adelie Penguin (Pygoscelis adeliae),Anvers,Dream,"Adult, 1 Egg Stage",N23A2,Yes,11/16/07,39.2,21.1,196,4150,MALE,9.15308,-25.03469,1
36,PAL0708,37,Adelie Penguin (Pygoscelis adeliae),Anvers,Dream,"Adult, 1 Egg Stage",N24A1,Yes,11/16/07,38.8,20,190,3950,MALE,9.18985,-25.12255,1
37,PAL0708,38,Adelie Penguin (Pygoscelis adeliae),Anvers,Dream,"Adult, 1 Egg Stage",N24A2,Yes,11/16/07,42.2,18.5,180,3550,FEMALE,8.04787,-25.49523,1
38,PAL0708,39,Adelie Penguin (Pygoscelis adeliae),Anvers,Dream,"Adult, 1 Egg Stage",N25A1,No,11/13/07,37.6,19.3,181,3300,FEMALE,9.41131,-25.04169,1
40,PAL0708,41,Adelie Penguin (Pygoscelis adeliae),Anvers,Dream,"Adult, 1 Egg Stage",N26A1,Yes,11/16/07,36.5,18,182,3150,FEMALE,9.68933,-24.4228,1
42,PAL0708,43,Adelie Penguin (Pygoscelis adeliae),Anvers,Dream,"Adult, 1 Egg Stage",N27A1,Yes,11/19/07,36,18.5,186,3100,FEMALE,9.50772,-25.03492,1
43,PAL0708,44,Adelie Penguin (Pygoscelis adeliae),Anvers,Dream,"Adult, 1 Egg Stage",N27A2,Yes,11/19/07,44.1,19.7,196,4400,MALE,9.2372,-24.52698,1
44,PAL0708,45,Adelie Penguin (Pygoscelis adeliae),Anvers,Dream,"Adult, 1 Egg Stage",N28A1,Yes,11/16/07,37,16.9,185,3000,FEMALE,9.36392,-25.01745,1
45,PAL0708,46,Adelie Penguin (Pygoscelis adeliae),Anvers,Dream,"Adult, 1 Egg Stage",N28A2,Yes,11/16/07,39.6,18.8,190,4600,MALE,9.49106,-24.10255,1
48,PAL0708,49,Adelie Penguin (Pygoscelis adeliae),Anvers,Dream,"Adult, 1 Egg Stage",N30A1,Yes,11/13/07,36,17.9,190,3450,FEMALE,9.51784,-25.07683,1
49,PAL0708,50,Adelie Penguin (Pygoscelis adeliae),Anvers,Dream,"Adult, 1 Egg Stage",N30A2,Yes,11/13/07,42.3,21.2,191,4150,MALE,8.87988,-25.18543,1
50,PAL0809,51,Adelie Penguin (Pygoscelis adeliae),Anvers,Biscoe,"Adult, 1 Egg Stage",N21A1,Yes,2011/6/8,39.6,17.7,186,3500,FEMALE,8.46616,-26.12989,1
51,PAL0809,52,Adelie Penguin (Pygoscelis adeliae),Anvers,Biscoe,"Adult, 1 Egg Stage",N21A2,Yes,2011/6/8,40.1,18.9,188,4300,MALE,8.51362,-26.55602,1
52,PAL0809,53,Adelie Penguin (Pygoscelis adeliae),Anvers,Biscoe,"Adult, 1 Egg Stage",N22A1,Yes,2011/9/8,35,17.9,190,3450,FEMALE,8.19539,-26.17213,1
53,PAL0809,54,Adelie Penguin (Pygoscelis adeliae),Anvers,Biscoe,"Adult, 1 Egg Stage",N22A2,Yes,2011/9/8,42,19.5,200,4050,MALE,8.48095,-26.3146,1
54,PAL0809,55,Adelie Penguin (Pygoscelis adeliae),Anvers,Biscoe,"Adult, 1 Egg Stage",N23A1,Yes,2011/9/8,34.5,18.1,187,2900,FEMALE,8.41837,-26.54718,1
55,PAL0809,56,Adelie Penguin (Pygoscelis adeliae),Anvers,Biscoe,"Adult, 1 Egg Stage",N23A2,Yes,2011/9/8,41.4,18.6,191,3700,MALE,8.35396,-26.27853,1
56,PAL0809,57,Adelie Penguin (Pygoscelis adeliae),Anvers,Biscoe,"Adult, 1 Egg Stage",N24A1,Yes,11/15/08,39,17.5,186,3550,FEMALE,8.57199,-26.07188,1
57,PAL0809,58,Adelie Penguin (Pygoscelis adeliae),Anvers,Biscoe,"Adult, 1 Egg Stage",N24A2,Yes,11/15/08,40.6,18.8,193,3800,MALE,8.56674,-25.98843,1
58,PAL0809,59,Adelie Penguin (Pygoscelis adeliae),Anvers,Biscoe,"Adult, 1 Egg Stage",N25A1,Yes,11/15/08,36.5,16.6,181,2850,FEMALE,9.07878,-25.88156,1
59,PAL0809,60,Adelie Penguin (Pygoscelis adeliae),Anvers,Biscoe,"Adult, 1 Egg Stage",N25A2,Yes,11/15/08,37.6,19.1,194,3750,MALE,9.108,-25.89677,1
60,PAL0809,61,Adelie Penguin (Pygoscelis adeliae),Anvers,Biscoe,"Adult, 1 Egg Stage",N27A1,Yes,11/13/08,35.7,16.9,185,3150,FEMALE,8.96472,-26.40943,1
61,PAL0809,62,Adelie Penguin (Pygoscelis adeliae),Anvers,Biscoe,"Adult, 1 Egg Stage",N27A2,Yes,11/13/08,41.3,21.1,195,4400,MALE,8.74802,-26.37809,1
62,PAL0809,63,Adelie Penguin (Pygoscelis adeliae),Anvers,Biscoe,"Adult, 1 Egg Stage",N28A1,Yes,11/13/08,37.6,17,185,3600,FEMALE,8.58063,-26.21569,1
63,PAL0809,64,Adelie Penguin (Pygoscelis adeliae),Anvers,Biscoe,"Adult, 1 Egg Stage",N28A2,Yes,11/13/08,41.1,18.2,192,4050,MALE,8.62264,-26.60023,1
64,PAL0809,65,Adelie Penguin (Pygoscelis adeliae),Anvers,Biscoe,"Adult, 1 Egg Stage",N29A1,Yes,11/13/08,36.4,17.1,184,2850,FEMALE,8.62623,-26.1165,1
65,PAL0809,66,Adelie Penguin (Pygoscelis adeliae),Anvers,Biscoe,"Adult, 1 Egg Stage",N29A2,Yes,11/13/08,41.6,18,192,3950,MALE,8.85562,-26.09294,1
66,PAL0809,67,Adelie Penguin (Pygoscelis adeliae),Anvers,Biscoe,"Adult, 1 Egg Stage",N30A1,Yes,2011/6/8,35.5,16.2,195,3350,FEMALE,8.56192,-25.95541,1
67,PAL0809,68,Adelie Penguin (Pygoscelis adeliae),Anvers,Biscoe,"Adult, 1 Egg Stage",N30A2,Yes,2011/6/8,41.1,19.1,188,4100,MALE,8.71078,-25.81012,1
68,PAL0809,69,Adelie Penguin (Pygoscelis adeliae),Anvers,Torgersen,"Adult, 1 Egg Stage",N32A1,No,2011/11/8,35.9,16.6,190,3050,FEMALE,8.47781,-26.07821,1
69,PAL0809,70,Adelie Penguin (Pygoscelis adeliae),Anvers,Torgersen,"Adult, 1 Egg Stage",N32A2,No,2011/11/8,41.8,19.4,198,4450,MALE,8.86853,-26.06209,1
70,PAL0809,71,Adelie Penguin (Pygoscelis adeliae),Anvers,Torgersen,"Adult, 1 Egg Stage",N34A1,Yes,11/14/08,33.5,19,190,3600,FEMALE,7.88863,-26.63085,1
71,PAL0809,72,Adelie Penguin (Pygoscelis adeliae),Anvers,Torgersen,"Adult, 1 Egg Stage",N34A2,Yes,11/14/08,39.7,18.4,190,3900,MALE,9.29808,-25.23453,1
72,PAL0809,73,Adelie Penguin (Pygoscelis adeliae),Anvers,Torgersen,"Adult, 1 Egg Stage",N35A1,Yes,2011/11/8,39.6,17.2,196,3550,FEMALE,8.33524,-26.55351,1
73,PAL0809,74,Adelie Penguin (Pygoscelis adeliae),Anvers,Torgersen,"Adult, 1 Egg Stage",N35A2,Yes,2011/11/8,45.8,18.9,197,4150,MALE,8.18658,-26.45978,1
74,PAL0809,75,Adelie Penguin (Pygoscelis adeliae),Anvers,Torgersen,"Adult, 1 Egg Stage",N36A1,Yes,2011/8/8,35.5,17.5,190,3700,FEMALE,8.70642,-26.15003,1
75,PAL0809,76,Adelie Penguin (Pygoscelis adeliae),Anvers,Torgersen,"Adult, 1 Egg Stage",N36A2,Yes,2011/8/8,42.8,18.5,195,4250,MALE,8.2993,-26.38986,1
76,PAL0809,77,Adelie Penguin (Pygoscelis adeliae),Anvers,Torgersen,"Adult, 1 Egg Stage",N37A1,Yes,2011/6/8,40.9,16.8,191,3700,FEMALE,8.47257,-26.02002,1
77,PAL0809,78,Adelie Penguin (Pygoscelis adeliae),Anvers,Torgersen,"Adult, 1 Egg Stage",N37A2,Yes,2011/6/8,37.2,19.4,184,3900,MALE,8.3554,-26.44787,1
78,PAL0809,79,Adelie Penguin (Pygoscelis adeliae),Anvers,Torgersen,"Adult, 1 Egg Stage",N38A1,Yes,2011/9/8,36.2,16.1,187,3550,FEMALE,7.82381,-26.51382,1
79,PAL0809,80,Adelie Penguin (Pygoscelis adeliae),Anvers,Torgersen,"Adult, 1 Egg Stage",N38A2,Yes,2011/9/8,42.1,19.1,195,4000,MALE,9.05736,-25.81513,1
80,PAL0809,81,Adelie Penguin (Pygoscelis adeliae),Anvers,Torgersen,"Adult, 1 Egg Stage",N39A1,Yes,2011/2/8,34.6,17.2,189,3200,FEMALE,7.69778,-26.5387,1
81,PAL0809,82,Adelie Penguin (Pygoscelis adeliae),Anvers,Torgersen,"Adult, 1 Egg Stage",N39A2,Yes,2011/2/8,42.9,17.6,196,4700,MALE,8.63259,-26.23027,1
82,PAL0809,83,Adelie Penguin (Pygoscelis adeliae),Anvers,Torgersen,"Adult, 1 Egg Stage",N40A1,Yes,2011/7/8,36.7,18.8,187,3800,FEMALE,7.88494,-26.24837,1
83,PAL0809,84,Adelie Penguin (Pygoscelis adeliae),Anvers,Torgersen,"Adult, 1 Egg Stage",N40A2,Yes,2011/7/8,35.1,19.4,193,4200,MALE,8.90002,-26.46254,1
84,PAL0809,85,Adelie Penguin (Pygoscelis adeliae),Anvers,Dream,"Adult, 1 Egg Stage",N41A1,Yes,11/17/08,37.3,17.8,191,3350,FEMALE,8.32718,-26.38396,1
85,PAL0809,86,Adelie Penguin (Pygoscelis adeliae),Anvers,Dream,"Adult, 1 Egg Stage",N41A2,Yes,11/17/08,41.3,20.3,194,3550,MALE,9.14863,-26.09635,1
86,PAL0809,87,Adelie Penguin (Pygoscelis adeliae),Anvers,Dream,"Adult, 1 Egg Stage",N42A1,Yes,2011/8/8,36.3,19.5,190,3800,MALE,8.57087,-26.22227,1
87,PAL0809,88,Adelie Penguin (Pygoscelis adeliae),Anvers,Dream,"Adult, 1 Egg Stage",N42A2,Yes,2011/8/8,36.9,18.6,189,3500,FEMALE,8.59147,-26.08165,1
88,PAL0809,89,Adelie Penguin (Pygoscelis adeliae),Anvers,Dream,"Adult, 1 Egg Stage",N44A1,Yes,2011/8/8,38.3,19.2,189,3950,MALE,9.07826,-26.12417,1
89,PAL0809,90,Adelie Penguin (Pygoscelis adeliae),Anvers,Dream,"Adult, 1 Egg Stage",N44A2,Yes,2011/8/8,38.9,18.8,190,3600,FEMALE,8.36936,-26.11199,1
90,PAL0809,91,Adelie Penguin (Pygoscelis adeliae),Anvers,Dream,"Adult, 1 Egg Stage",N45A1,Yes,11/14/08,35.7,18,202,3550,FEMALE,8.46531,-26.05621,1
91,PAL0809,92,Adelie Penguin (Pygoscelis adeliae),Anvers,Dream,"Adult, 1 Egg Stage",N45A2,Yes,11/14/08,41.1,18.1,205,4300,MALE,8.77018,-25.83352,1
92,PAL0809,93,Adelie Penguin (Pygoscelis adeliae),Anvers,Dream,"Adult, 1 Egg Stage",N46A1,Yes,2011/5/8,34,17.1,185,3400,FEMALE,8.01485,-26.69543,1
93,PAL0809,94,Adelie Penguin (Pygoscelis adeliae),Anvers,Dream,"Adult, 1 Egg Stage",N46A2,Yes,2011/5/8,39.6,18.1,186,4450,MALE,8.49915,-26.42406,1
94,PAL0809,95,Adelie Penguin (Pygoscelis adeliae),Anvers,Dream,"Adult, 1 Egg Stage",N48A1,Yes,11/17/08,36.2,17.3,187,3300,FEMALE,8.90723,-26.30037,1
95,PAL0809,96,Adelie Penguin (Pygoscelis adeliae),Anvers,Dream,"Adult, 1 Egg Stage",N48A2,Yes,11/17/08,40.8,18.9,208,4300,MALE,8.48204,-26.57941,1
96,PAL0809,97,Adelie Penguin (Pygoscelis adeliae),Anvers,Dream,"Adult, 1 Egg Stage",N49A1,Yes,2011/8/8,38.1,18.6,190,3700,FEMALE,8.10277,-26.50086,1
97,PAL0809,98,Adelie Penguin (Pygoscelis adeliae),Anvers,Dream,"Adult, 1 Egg Stage",N49A2,Yes,2011/8/8,40.3,18.5,196,4350,MALE,8.39459,-26.01152,1
98,PAL0809,99,Adelie Penguin (Pygoscelis adeliae),Anvers,Dream,"Adult, 1 Egg Stage",N50A1,Yes,2011/10/8,33.1,16.1,178,2900,FEMALE,9.04218,-26.15775,1
99,PAL0809,100,Adelie Penguin (Pygoscelis adeliae),Anvers,Dream,"Adult, 1 Egg Stage",N50A2,Yes,2011/10/8,43.2,18.5,192,4100,MALE,8.97025,-26.03679,1
100,PAL0910,101,Adelie Penguin (Pygoscelis adeliae),Anvers,Biscoe,"Adult, 1 Egg Stage",N47A1,Yes,2011/9/9,35,17.9,192,3725,FEMALE,8.84451,-26.28055,1
101,PAL0910,102,Adelie Penguin (Pygoscelis adeliae),Anvers,Biscoe,"Adult, 1 Egg Stage",N47A2,Yes,2011/9/9,41,20,203,4725,MALE,9.01079,-26.38085,1
102,PAL0910,103,Adelie Penguin (Pygoscelis adeliae),Anvers,Biscoe,"Adult, 1 Egg Stage",N49A1,Yes,11/15/09,37.7,16,183,3075,FEMALE,9.2151,-26.2253,1
103,PAL0910,104,Adelie Penguin (Pygoscelis adeliae),Anvers,Biscoe,"Adult, 1 Egg Stage",N49A2,Yes,11/15/09,37.8,20,190,4250,MALE,9.51929,-25.69199,1
104,PAL0910,105,Adelie Penguin (Pygoscelis adeliae),Anvers,Biscoe,"Adult, 1 Egg Stage",N51A1,Yes,11/15/09,37.9,18.6,193,2925,FEMALE,9.02642,-25.86482,1
105,PAL0910,106,Adelie Penguin (Pygoscelis adeliae),Anvers,Biscoe,"Adult, 1 Egg Stage",N51A2,Yes,11/15/09,39.7,18.9,184,3550,MALE,8.85699,-25.80208,1
106,PAL0910,107,Adelie Penguin (Pygoscelis adeliae),Anvers,Biscoe,"Adult, 1 Egg Stage",N53A1,Yes,11/15/09,38.6,17.2,199,3750,FEMALE,8.77322,-26.48973,1
107,PAL0910,108,Adelie Penguin (Pygoscelis adeliae),Anvers,Biscoe,"Adult, 1 Egg Stage",N53A2,Yes,11/15/09,38.2,20,190,3900,MALE,9.59245,-25.70711,1
108,PAL0910,109,Adelie Penguin (Pygoscelis adeliae),Anvers,Biscoe,"Adult, 1 Egg Stage",N55A1,Yes,11/20/09,38.1,17,181,3175,FEMALE,9.79532,-25.27385,1
109,PAL0910,110,Adelie Penguin (Pygoscelis adeliae),Anvers,Biscoe,"Adult, 1 Egg Stage",N55A2,Yes,11/20/09,43.2,19,197,4775,MALE,9.31735,-25.45171,1
110,PAL0910,111,Adelie Penguin (Pygoscelis adeliae),Anvers,Biscoe,"Adult, 1 Egg Stage",N58A1,Yes,2011/12/9,38.1,16.5,198,3825,FEMALE,8.43951,-26.57563,1
111,PAL0910,112,Adelie Penguin (Pygoscelis adeliae),Anvers,Biscoe,"Adult, 1 Egg Stage",N58A2,Yes,2011/12/9,45.6,20.3,191,4600,MALE,8.65466,-26.32909,1
112,PAL0910,113,Adelie Penguin (Pygoscelis adeliae),Anvers,Biscoe,"Adult, 1 Egg Stage",N60A1,Yes,11/15/09,39.7,17.7,193,3200,FEMALE,9.02657,-26.06203,1
113,PAL0910,114,Adelie Penguin (Pygoscelis adeliae),Anvers,Biscoe,"Adult, 1 Egg Stage",N60A2,Yes,11/15/09,42.2,19.5,197,4275,MALE,8.80186,-26.41218,1
114,PAL0910,115,Adelie Penguin (Pygoscelis adeliae),Anvers,Biscoe,"Adult, 1 Egg Stage",N61A1,Yes,11/17/09,39.6,20.7,191,3900,FEMALE,8.80967,-26.78958,1
115,PAL0910,116,Adelie Penguin (Pygoscelis adeliae),Anvers,Biscoe,"Adult, 1 Egg Stage",N61A2,Yes,11/17/09,42.7,18.3,196,4075,MALE,8.91434,-26.42018,1
116,PAL0910,117,Adelie Penguin (Pygoscelis adeliae),Anvers,Torgersen,"Adult, 1 Egg Stage",N63A1,Yes,11/18/09,38.6,17,188,2900,FEMALE,9.18021,-25.77264,1
117,PAL0910,118,Adelie Penguin (Pygoscelis adeliae),Anvers,Torgersen,"Adult, 1 Egg Stage",N63A2,Yes,11/18/09,37.3,20.5,199,3775,MALE,9.49645,-26.36678,1
118,PAL0910,119,Adelie Penguin (Pygoscelis adeliae),Anvers,Torgersen,"Adult, 1 Egg Stage",N64A1,Yes,11/22/09,35.7,17,189,3350,FEMALE,8.96436,-23.90309,1
119,PAL0910,120,Adelie Penguin (Pygoscelis adeliae),Anvers,Torgersen,"Adult, 1 Egg Stage",N64A2,Yes,11/22/09,41.1,18.6,189,3325,MALE,9.32277,-26.09989,1
120,PAL0910,121,Adelie Penguin (Pygoscelis adeliae),Anvers,Torgersen,"Adult, 1 Egg Stage",N66A1,No,11/17/09,36.2,17.2,187,3150,FEMALE,9.04296,-26.19444,1
121,PAL0910,122,Adelie Penguin (Pygoscelis adeliae),Anvers,Torgersen,"Adult, 1 Egg Stage",N66A2,No,11/17/09,37.7,19.8,198,3500,MALE,9.11066,-26.42563,1
122,PAL0910,123,Adelie Penguin (Pygoscelis adeliae),Anvers,Torgersen,"Adult, 1 Egg Stage",N67A1,Yes,11/16/09,40.2,17,176,3450,FEMALE,9.30722,-25.61039,1
123,PAL0910,124,Adelie Penguin (Pygoscelis adeliae),Anvers,Torgersen,"Adult, 1 Egg Stage",N67A2,Yes,11/16/09,41.4,18.5,202,3875,MALE,9.59462,-25.42621,1
124,PAL0910,125,Adelie Penguin (Pygoscelis adeliae),Anvers,Torgersen,"Adult, 1 Egg Stage",N69A1,Yes,11/18/09,35.2,15.9,186,3050,FEMALE,8.81668,-25.95399,1
125,PAL0910,126,Adelie Penguin (Pygoscelis adeliae),Anvers,Torgersen,"Adult, 1 Egg Stage",N69A2,Yes,11/18/09,40.6,19,199,4000,MALE,9.22537,-25.60826,1
126,PAL0910,127,Adelie Penguin (Pygoscelis adeliae),Anvers,Torgersen,"Adult, 1 Egg Stage",N71A1,Yes,11/21/09,38.8,17.6,191,3275,FEMALE,8.88098,-25.89741,1
127,PAL0910,128,Adelie Penguin (Pygoscelis adeliae),Anvers,Torgersen,"Adult, 1 Egg Stage",N71A2,Yes,11/21/09,41.5,18.3,195,4300,MALE,8.52566,-26.0245,1
128,PAL0910,129,Adelie Penguin (Pygoscelis adeliae),Anvers,Torgersen,"Adult, 1 Egg Stage",N72A1,Yes,11/18/09,39,17.1,191,3050,FEMALE,9.19031,-25.73722,1
129,PAL0910,130,Adelie Penguin (Pygoscelis adeliae),Anvers,Torgersen,"Adult, 1 Egg Stage",N72A2,Yes,11/18/09,44.1,18,210,4000,MALE,9.10702,-26.01363,1
130,PAL0910,131,Adelie Penguin (Pygoscelis adeliae),Anvers,Torgersen,"Adult, 1 Egg Stage",N73A1,No,11/23/09,38.5,17.9,190,3325,FEMALE,8.9846,-25.57956,1
131,PAL0910,132,Adelie Penguin (Pygoscelis adeliae),Anvers,Torgersen,"Adult, 1 Egg Stage",N73A2,No,11/23/09,43.1,19.2,197,3500,MALE,8.86495,-26.1396,1
132,PAL0910,133,Adelie Penguin (Pygoscelis adeliae),Anvers,Dream,"Adult, 1 Egg Stage",N76A1,Yes,2011/10/9,36.8,18.5,193,3500,FEMALE,8.98705,-25.57647,1
133,PAL0910,134,Adelie Penguin (Pygoscelis adeliae),Anvers,Dream,"Adult, 1 Egg Stage",N76A2,Yes,2011/10/9,37.5,18.5,199,4475,MALE,8.56708,-26.49288,1
134,PAL0910,135,Adelie Penguin (Pygoscelis adeliae),Anvers,Dream,"Adult, 1 Egg Stage",N77A1,Yes,11/13/09,38.1,17.6,187,3425,FEMALE,8.717,-25.77951,1
135,PAL0910,136,Adelie Penguin (Pygoscelis adeliae),Anvers,Dream,"Adult, 1 Egg Stage",N77A2,Yes,11/13/09,41.1,17.5,190,3900,MALE,8.94365,-26.06943,1
136,PAL0910,137,Adelie Penguin (Pygoscelis adeliae),Anvers,Dream,"Adult, 1 Egg Stage",N78A1,Yes,11/16/09,35.6,17.5,191,3175,FEMALE,8.75984,-25.97696,1
137,PAL0910,138,Adelie Penguin (Pygoscelis adeliae),Anvers,Dream,"Adult, 1 Egg Stage",N78A2,Yes,11/16/09,40.2,20.1,200,3975,MALE,8.95998,-26.32601,1
138,PAL0910,139,Adelie Penguin (Pygoscelis adeliae),Anvers,Dream,"Adult, 1 Egg Stage",N79A1,No,11/16/09,37,16.5,185,3400,FEMALE,8.61651,-26.07021,1
139,PAL0910,140,Adelie Penguin (Pygoscelis adeliae),Anvers,Dream,"Adult, 1 Egg Stage",N79A2,No,11/16/09,39.7,17.9,193,4250,MALE,9.25769,-25.88798,1
140,PAL0910,141,Adelie Penguin (Pygoscelis adeliae),Anvers,Dream,"Adult, 1 Egg Stage",N80A1,Yes,11/14/09,40.2,17.1,193,3400,FEMALE,9.2881,-25.54976,1
141,PAL0910,142,Adelie Penguin (Pygoscelis adeliae),Anvers,Dream,"Adult, 1 Egg Stage",N80A2,Yes,11/14/09,40.6,17.2,187,3475,MALE,9.23408,-26.01549,1
142,PAL0910,143,Adelie Penguin (Pygoscelis adeliae),Anvers,Dream,"Adult, 1 Egg Stage",N81A1,Yes,11/16/09,32.1,15.5,188,3050,FEMALE,8.79787,-26.61075,1
143,PAL0910,144,Adelie Penguin (Pygoscelis adeliae),Anvers,Dream,"Adult, 1 Egg Stage",N81A2,Yes,11/16/09,40.7,17,190,3725,MALE,9.05674,-25.79529,1
144,PAL0910,145,Adelie Penguin (Pygoscelis adeliae),Anvers,Dream,"Adult, 1 Egg Stage",N82A1,Yes,11/16/09,37.3,16.8,192,3000,FEMALE,9.06829,-25.85203,1
145,PAL0910,146,Adelie Penguin (Pygoscelis adeliae),Anvers,Dream,"Adult, 1 Egg Stage",N82A2,Yes,11/16/09,39,18.7,185,3650,MALE,9.22033,-26.03442,1
146,PAL0910,147,Adelie Penguin (Pygoscelis adeliae),Anvers,Dream,"Adult, 1 Egg Stage",N83A1,Yes,11/13/09,39.2,18.6,190,4250,MALE,9.11006,-25.79549,1
147,PAL0910,148,Adelie Penguin (Pygoscelis adeliae),Anvers,Dream,"Adult, 1 Egg Stage",N83A2,Yes,11/13/09,36.6,18.4,184,3475,FEMALE,8.68744,-25.8306,1
148,PAL0910,149,Adelie Penguin (Pygoscelis adeliae),Anvers,Dream,"Adult, 1 Egg Stage",N84A1,Yes,11/17/09,36,17.8,195,3450,FEMALE,8.94332,-25.79189,1
149,PAL0910,150,Adelie Penguin (Pygoscelis adeliae),Anvers,Dream,"Adult, 1 Egg Stage",N84A2,Yes,11/17/09,37.8,18.1,193,3750,MALE,8.97533,-26.03495,1
150,PAL0910,151,Adelie Penguin (Pygoscelis adeliae),Anvers,Dream,"Adult, 1 Egg Stage",N85A1,Yes,11/17/09,36,17.1,187,3700,FEMALE,8.93465,-26.07081,1
151,PAL0910,152,Adelie Penguin (Pygoscelis adeliae),Anvers,Dream,"Adult, 1 Egg Stage",N85A2,Yes,11/17/09,41.5,18.5,201,4000,MALE,8.8964,-26.06967,1
152,PAL0708,1,Chinstrap penguin (Pygoscelis antarctica),Anvers,Dream,"Adult, 1 Egg Stage",N61A1,No,11/19/07,46.5,17.9,192,3500,FEMALE,9.03935,-24.30229,2
153,PAL0708,2,Chinstrap penguin (Pygoscelis antarctica),Anvers,Dream,"Adult, 1 Egg Stage",N61A2,No,11/19/07,50,19.5,196,3900,MALE,8.92069,-24.23592,2
154,PAL0708,3,Chinstrap penguin (Pygoscelis antarctica),Anvers,Dream,"Adult, 1 Egg Stage",N62A1,Yes,11/26/07,51.3,19.2,193,3650,MALE,9.29078,-24.7557,2
155,PAL0708,4,Chinstrap penguin (Pygoscelis antarctica),Anvers,Dream,"Adult, 1 Egg Stage",N62A2,Yes,11/26/07,45.4,18.7,188,3525,FEMALE,8.64701,-24.62717,2
156,PAL0708,5,Chinstrap penguin (Pygoscelis antarctica),Anvers,Dream,"Adult, 1 Egg Stage",N64A1,Yes,11/21/07,52.7,19.8,197,3725,MALE,9.00642,-24.61867,2
157,PAL0708,6,Chinstrap penguin (Pygoscelis antarctica),Anvers,Dream,"Adult, 1 Egg Stage",N64A2,Yes,11/21/07,45.2,17.8,198,3950,FEMALE,8.88942,-24.49433,2
158,PAL0708,7,Chinstrap penguin (Pygoscelis antarctica),Anvers,Dream,"Adult, 1 Egg Stage",N66A1,Yes,11/28/07,46.1,18.2,178,3250,FEMALE,8.85664,-24.55644,2
159,PAL0708,8,Chinstrap penguin (Pygoscelis antarctica),Anvers,Dream,"Adult, 1 Egg Stage",N66A2,Yes,11/28/07,51.3,18.2,197,3750,MALE,8.63701,-24.84059,2
160,PAL0708,9,Chinstrap penguin (Pygoscelis antarctica),Anvers,Dream,"Adult, 1 Egg Stage",N67A1,Yes,11/21/07,46,18.9,195,4150,FEMALE,8.47173,-24.29229,2
161,PAL0708,10,Chinstrap penguin (Pygoscelis antarctica),Anvers,Dream,"Adult, 1 Egg Stage",N67A2,Yes,11/21/07,51.3,19.9,198,3700,MALE,8.79581,-24.36088,2
162,PAL0708,11,Chinstrap penguin (Pygoscelis antarctica),Anvers,Dream,"Adult, 1 Egg Stage",N68A1,Yes,11/28/07,46.6,17.8,193,3800,FEMALE,8.95063,-24.59897,2
163,PAL0708,12,Chinstrap penguin (Pygoscelis antarctica),Anvers,Dream,"Adult, 1 Egg Stage",N68A2,Yes,11/28/07,51.7,20.3,194,3775,MALE,8.68747,-24.38751,2
164,PAL0708,13,Chinstrap penguin (Pygoscelis antarctica),Anvers,Dream,"Adult, 1 Egg Stage",N69A1,Yes,11/26/07,47,17.3,185,3700,FEMALE,8.72037,-24.80526,2
165,PAL0708,14,Chinstrap penguin (Pygoscelis antarctica),Anvers,Dream,"Adult, 1 Egg Stage",N69A2,Yes,11/26/07,52,18.1,201,4050,MALE,9.0233,-24.38933,2
166,PAL0708,15,Chinstrap penguin (Pygoscelis antarctica),Anvers,Dream,"Adult, 1 Egg Stage",N70A1,Yes,11/22/07,45.9,17.1,190,3575,FEMALE,9.12277,-24.90024,2
167,PAL0708,16,Chinstrap penguin (Pygoscelis antarctica),Anvers,Dream,"Adult, 1 Egg Stage",N70A2,Yes,11/22/07,50.5,19.6,201,4050,MALE,9.8059,-24.7294,2
168,PAL0708,17,Chinstrap penguin (Pygoscelis antarctica),Anvers,Dream,"Adult, 1 Egg Stage",N71A1,No,11/30/07,50.3,20,197,3300,MALE,10.02019,-24.54704,2
169,PAL0708,18,Chinstrap penguin (Pygoscelis antarctica),Anvers,Dream,"Adult, 1 Egg Stage",N71A2,No,11/30/07,58,17.8,181,3700,FEMALE,9.14382,-24.57994,2
170,PAL0708,19,Chinstrap penguin (Pygoscelis antarctica),Anvers,Dream,"Adult, 1 Egg Stage",N72A1,Yes,11/30/07,46.4,18.6,190,3450,FEMALE,9.32105,-24.64162,2
171,PAL0708,20,Chinstrap penguin (Pygoscelis antarctica),Anvers,Dream,"Adult, 1 Egg Stage",N72A2,Yes,11/30/07,49.2,18.2,195,4400,MALE,9.27158,-24.64335,2
172,PAL0708,21,Chinstrap penguin (Pygoscelis antarctica),Anvers,Dream,"Adult, 1 Egg Stage",N73A1,Yes,2012/3/7,42.4,17.3,181,3600,FEMALE,9.35138,-24.6879,2
173,PAL0708,22,Chinstrap penguin (Pygoscelis antarctica),Anvers,Dream,"Adult, 1 Egg Stage",N73A2,Yes,2012/3/7,48.5,17.5,191,3400,MALE,9.42666,-24.26375,2
174,PAL0708,23,Chinstrap penguin (Pygoscelis antarctica),Anvers,Dream,"Adult, 1 Egg Stage",N85A1,No,11/28/07,43.2,16.6,187,2900,FEMALE,9.35416,-25.01185,2
175,PAL0708,24,Chinstrap penguin (Pygoscelis antarctica),Anvers,Dream,"Adult, 1 Egg Stage",N85A2,No,11/28/07,50.6,19.4,193,3800,MALE,9.28153,-24.97134,2
176,PAL0708,25,Chinstrap penguin (Pygoscelis antarctica),Anvers,Dream,"Adult, 1 Egg Stage",N89A1,No,11/28/07,46.7,17.9,195,3300,FEMALE,9.74144,-24.59467,2
177,PAL0708,26,Chinstrap penguin (Pygoscelis antarctica),Anvers,Dream,"Adult, 1 Egg Stage",N89A2,No,11/28/07,52,19,197,4150,MALE,9.36799,-24.47142,2
178,PAL0809,27,Chinstrap penguin (Pygoscelis antarctica),Anvers,Dream,"Adult, 1 Egg Stage",N61A1,No,11/25/08,50.5,18.4,200,3400,FEMALE,8.9399,-23.89017,2
179,PAL0809,28,Chinstrap penguin (Pygoscelis antarctica),Anvers,Dream,"Adult, 1 Egg Stage",N61A2,No,11/25/08,49.5,19,200,3800,MALE,9.63074,-24.34684,2
180,PAL0809,29,Chinstrap penguin (Pygoscelis antarctica),Anvers,Dream,"Adult, 1 Egg Stage",N62A1,Yes,11/14/08,46.4,17.8,191,3700,FEMALE,9.37369,-24.52896,2
181,PAL0809,30,Chinstrap penguin (Pygoscelis antarctica),Anvers,Dream,"Adult, 1 Egg Stage",N62A2,Yes,11/14/08,52.8,20,205,4550,MALE,9.25177,-24.69638,2
182,PAL0809,31,Chinstrap penguin (Pygoscelis antarctica),Anvers,Dream,"Adult, 1 Egg Stage",N63A1,Yes,11/24/08,40.9,16.6,187,3200,FEMALE,9.08458,-24.54903,2
183,PAL0809,32,Chinstrap penguin (Pygoscelis antarctica),Anvers,Dream,"Adult, 1 Egg Stage",N63A2,Yes,11/24/08,54.2,20.8,201,4300,MALE,9.49283,-24.59996,2
184,PAL0809,33,Chinstrap penguin (Pygoscelis antarctica),Anvers,Dream,"Adult, 1 Egg Stage",N65A1,Yes,11/24/08,42.5,16.7,187,3350,FEMALE,9.36668,-24.45195,2
185,PAL0809,34,Chinstrap penguin (Pygoscelis antarctica),Anvers,Dream,"Adult, 1 Egg Stage",N65A2,Yes,11/24/08,51,18.8,203,4100,MALE,9.23196,-24.17282,2
186,PAL0809,35,Chinstrap penguin (Pygoscelis antarctica),Anvers,Dream,"Adult, 1 Egg Stage",N67A1,Yes,11/25/08,49.7,18.6,195,3600,MALE,9.75486,-24.31198,2
187,PAL0809,36,Chinstrap penguin (Pygoscelis antarctica),Anvers,Dream,"Adult, 1 Egg Stage",N67A2,Yes,11/25/08,47.5,16.8,199,3900,FEMALE,9.07825,-25.1455,2
188,PAL0809,37,Chinstrap penguin (Pygoscelis antarctica),Anvers,Dream,"Adult, 1 Egg Stage",N69A1,Yes,11/14/08,47.6,18.3,195,3850,FEMALE,8.83502,-24.65859,2
189,PAL0809,38,Chinstrap penguin (Pygoscelis antarctica),Anvers,Dream,"Adult, 1 Egg Stage",N69A2,Yes,11/14/08,52,20.7,210,4800,MALE,9.43146,-24.6844,2
190,PAL0809,39,Chinstrap penguin (Pygoscelis antarctica),Anvers,Dream,"Adult, 1 Egg Stage",N72A1,No,11/24/08,46.9,16.6,192,2700,FEMALE,9.80589,-24.73735,2
191,PAL0809,40,Chinstrap penguin (Pygoscelis antarctica),Anvers,Dream,"Adult, 1 Egg Stage",N72A2,No,11/24/08,53.5,19.9,205,4500,MALE,10.02544,-24.90816,2
192,PAL0809,41,Chinstrap penguin (Pygoscelis antarctica),Anvers,Dream,"Adult, 1 Egg Stage",N74A1,Yes,11/24/08,49,19.5,210,3950,MALE,9.53262,-24.66867,2
193,PAL0809,42,Chinstrap penguin (Pygoscelis antarctica),Anvers,Dream,"Adult, 1 Egg Stage",N74A2,Yes,11/24/08,46.2,17.5,187,3650,FEMALE,9.61734,-24.66188,2
194,PAL0809,43,Chinstrap penguin (Pygoscelis antarctica),Anvers,Dream,"Adult, 1 Egg Stage",N75A1,Yes,11/14/08,50.9,19.1,196,3550,MALE,10.02372,-24.86594,2
195,PAL0809,44,Chinstrap penguin (Pygoscelis antarctica),Anvers,Dream,"Adult, 1 Egg Stage",N75A2,Yes,11/14/08,45.5,17,196,3500,FEMALE,9.36493,-24.66259,2
196,PAL0910,45,Chinstrap penguin (Pygoscelis antarctica),Anvers,Dream,"Adult, 1 Egg Stage",N86A1,Yes,11/17/09,50.9,17.9,196,3675,FEMALE,9.43684,-24.16566,2
197,PAL0910,46,Chinstrap penguin (Pygoscelis antarctica),Anvers,Dream,"Adult, 1 Egg Stage",N86A2,Yes,11/17/09,50.8,18.5,201,4450,MALE,9.45827,-24.35575,2
198,PAL0910,47,Chinstrap penguin (Pygoscelis antarctica),Anvers,Dream,"Adult, 1 Egg Stage",N87A1,Yes,11/27/09,50.1,17.9,190,3400,FEMALE,9.46819,-24.45721,2
199,PAL0910,48,Chinstrap penguin (Pygoscelis antarctica),Anvers,Dream,"Adult, 1 Egg Stage",N87A2,Yes,11/27/09,49,19.6,212,4300,MALE,9.34089,-24.45189,2
200,PAL0910,49,Chinstrap penguin (Pygoscelis antarctica),Anvers,Dream,"Adult, 1 Egg Stage",N88A1,Yes,11/23/09,51.5,18.7,187,3250,MALE,9.6895,-24.43062,2
201,PAL0910,50,Chinstrap penguin (Pygoscelis antarctica),Anvers,Dream,"Adult, 1 Egg Stage",N88A2,Yes,11/23/09,49.8,17.3,198,3675,FEMALE,9.32169,-24.41562,2
202,PAL0910,51,Chinstrap penguin (Pygoscelis antarctica),Anvers,Dream,"Adult, 1 Egg Stage",N90A1,Yes,11/21/09,48.1,16.4,199,3325,FEMALE,9.46929,-24.48403,2
203,PAL0910,52,Chinstrap penguin (Pygoscelis antarctica),Anvers,Dream,"Adult, 1 Egg Stage",N90A2,Yes,11/21/09,51.4,19,201,3950,MALE,9.43782,-24.36202,2
204,PAL0910,53,Chinstrap penguin (Pygoscelis antarctica),Anvers,Dream,"Adult, 1 Egg Stage",N92A1,Yes,11/23/09,45.7,17.3,193,3600,FEMALE,9.415,-24.805,2
205,PAL0910,54,Chinstrap penguin (Pygoscelis antarctica),Anvers,Dream,"Adult, 1 Egg Stage",N92A2,Yes,11/23/09,50.7,19.7,203,4050,MALE,9.93727,-24.59066,2
206,PAL0910,55,Chinstrap penguin (Pygoscelis antarctica),Anvers,Dream,"Adult, 1 Egg Stage",N93A1,Yes,11/27/09,42.5,17.3,187,3350,FEMALE,9.56534,-24.60882,2
207,PAL0910,56,Chinstrap penguin (Pygoscelis antarctica),Anvers,Dream,"Adult, 1 Egg Stage",N93A2,Yes,11/27/09,52.2,18.8,197,3450,MALE,9.77528,-24.56481,2
208,PAL0910,57,Chinstrap penguin (Pygoscelis antarctica),Anvers,Dream,"Adult, 1 Egg Stage",N94A1,Yes,11/21/09,45.2,16.6,191,3250,FEMALE,9.62357,-24.78984,2
209,PAL0910,58,Chinstrap penguin (Pygoscelis antarctica),Anvers,Dream,"Adult, 1 Egg Stage",N94A2,Yes,11/21/09,49.3,19.9,203,4050,MALE,9.88809,-24.59513,2
210,PAL0910,59,Chinstrap penguin (Pygoscelis antarctica),Anvers,Dream,"Adult, 1 Egg Stage",N95A1,Yes,11/21/09,50.2,18.8,202,3800,MALE,9.74492,-24.404,2
211,PAL0910,60,Chinstrap penguin (Pygoscelis antarctica),Anvers,Dream,"Adult, 1 Egg Stage",N95A2,Yes,11/21/09,45.6,19.4,194,3525,FEMALE,9.46985,-24.65786,2
213,PAL0910,62,Chinstrap penguin (Pygoscelis antarctica),Anvers,Dream,"Adult, 1 Egg Stage",N96A2,Yes,11/27/09,46.8,16.5,189,3650,FEMALE,9.65061,-24.48153,2
214,PAL0910,63,Chinstrap penguin (Pygoscelis antarctica),Anvers,Dream,"Adult, 1 Egg Stage",N98A1,Yes,11/19/09,45.7,17,195,3650,FEMALE,9.26715,-24.31912,2
215,PAL0910,64,Chinstrap penguin (Pygoscelis antarctica),Anvers,Dream,"Adult, 1 Egg Stage",N98A2,Yes,11/19/09,55.8,19.8,207,4000,MALE,9.70465,-24.53494,2
216,PAL0910,65,Chinstrap penguin (Pygoscelis antarctica),Anvers,Dream,"Adult, 1 Egg Stage",N99A1,No,11/21/09,43.5,18.1,202,3400,FEMALE,9.37608,-24.40753,2
217,PAL0910,66,Chinstrap penguin (Pygoscelis antarctica),Anvers,Dream,"Adult, 1 Egg Stage",N99A2,No,11/21/09,49.6,18.2,193,3775,MALE,9.4618,-24.70615,2
218,PAL0910,67,Chinstrap penguin (Pygoscelis antarctica),Anvers,Dream,"Adult, 1 Egg Stage",N100A1,Yes,11/21/09,50.8,19,210,4100,MALE,9.98044,-24.68741,2
219,PAL0910,68,Chinstrap penguin (Pygoscelis antarctica),Anvers,Dream,"Adult, 1 Egg Stage",N100A2,Yes,11/21/09,50.2,18.7,198,3775,FEMALE,9.39305,-24.25255,2
220,PAL0708,1,Gentoo penguin (Pygoscelis papua),Anvers,Biscoe,"Adult, 1 Egg Stage",N31A1,Yes,11/27/07,46.1,13.2,211,4500,FEMALE,7.993,-25.5139,3
221,PAL0708,2,Gentoo penguin (Pygoscelis papua),Anvers,Biscoe,"Adult, 1 Egg Stage",N31A2,Yes,11/27/07,50,16.3,230,5700,MALE,8.14756,-25.39369,3
222,PAL0708,3,Gentoo penguin (Pygoscelis papua),Anvers,Biscoe,"Adult, 1 Egg Stage",N32A1,Yes,11/27/07,48.7,14.1,210,4450,FEMALE,8.14705,-25.46172,3
223,PAL0708,4,Gentoo penguin (Pygoscelis papua),Anvers,Biscoe,"Adult, 1 Egg Stage",N32A2,Yes,11/27/07,50,15.2,218,5700,MALE,8.2554,-25.40075,3
224,PAL0708,5,Gentoo penguin (Pygoscelis papua),Anvers,Biscoe,"Adult, 1 Egg Stage",N33A1,Yes,11/18/07,47.6,14.5,215,5400,MALE,8.2345,-25.54456,3
225,PAL0708,6,Gentoo penguin (Pygoscelis papua),Anvers,Biscoe,"Adult, 1 Egg Stage",N33A2,Yes,11/18/07,46.5,13.5,210,4550,FEMALE,7.9953,-25.32829,3
226,PAL0708,7,Gentoo penguin (Pygoscelis papua),Anvers,Biscoe,"Adult, 1 Egg Stage",N34A1,Yes,11/27/07,45.4,14.6,211,4800,FEMALE,8.24515,-25.46782,3
227,PAL0708,8,Gentoo penguin (Pygoscelis papua),Anvers,Biscoe,"Adult, 1 Egg Stage",N34A2,Yes,11/27/07,46.7,15.3,219,5200,MALE,8.22673,-25.4276,3
228,PAL0708,9,Gentoo penguin (Pygoscelis papua),Anvers,Biscoe,"Adult, 1 Egg Stage",N35A1,Yes,11/27/07,43.3,13.4,209,4400,FEMALE,8.13643,-25.32176,3
229,PAL0708,10,Gentoo penguin (Pygoscelis papua),Anvers,Biscoe,"Adult, 1 Egg Stage",N35A2,Yes,11/27/07,46.8,15.4,215,5150,MALE,8.1631,-25.38017,3
230,PAL0708,11,Gentoo penguin (Pygoscelis papua),Anvers,Biscoe,"Adult, 1 Egg Stage",N36A1,No,11/27/07,40.9,13.7,214,4650,FEMALE,8.19579,-25.3933,3
231,PAL0708,12,Gentoo penguin (Pygoscelis papua),Anvers,Biscoe,"Adult, 1 Egg Stage",N36A2,No,11/27/07,49,16.1,216,5550,MALE,8.10417,-25.50562,3
232,PAL0708,13,Gentoo penguin (Pygoscelis papua),Anvers,Biscoe,"Adult, 1 Egg Stage",N37A1,Yes,11/29/07,45.5,13.7,214,4650,FEMALE,7.77672,-25.4168,3
233,PAL0708,14,Gentoo penguin (Pygoscelis papua),Anvers,Biscoe,"Adult, 1 Egg Stage",N37A2,Yes,11/29/07,48.4,14.6,213,5850,MALE,7.8208,-25.48025,3
234,PAL0708,15,Gentoo penguin (Pygoscelis papua),Anvers,Biscoe,"Adult, 1 Egg Stage",N38A1,Yes,2012/3/7,45.8,14.6,210,4200,FEMALE,7.79958,-25.62618,3
235,PAL0708,16,Gentoo penguin (Pygoscelis papua),Anvers,Biscoe,"Adult, 1 Egg Stage",N38A2,Yes,2012/3/7,49.3,15.7,217,5850,MALE,8.07137,-25.52473,3
236,PAL0708,17,Gentoo penguin (Pygoscelis papua),Anvers,Biscoe,"Adult, 1 Egg Stage",N39A1,Yes,11/27/07,42,13.5,210,4150,FEMALE,7.63884,-25.52627,3
237,PAL0708,18,Gentoo penguin (Pygoscelis papua),Anvers,Biscoe,"Adult, 1 Egg Stage",N39A2,Yes,11/27/07,49.2,15.2,221,6300,MALE,8.27376,-25.00169,3
238,PAL0708,19,Gentoo penguin (Pygoscelis papua),Anvers,Biscoe,"Adult, 1 Egg Stage",N40A1,Yes,11/27/07,46.2,14.5,209,4800,FEMALE,7.84057,-25.37899,3
239,PAL0708,20,Gentoo penguin (Pygoscelis papua),Anvers,Biscoe,"Adult, 1 Egg Stage",N40A2,Yes,11/27/07,48.7,15.1,222,5350,MALE,7.96491,-25.39587,3
240,PAL0708,21,Gentoo penguin (Pygoscelis papua),Anvers,Biscoe,"Adult, 1 Egg Stage",N41A1,Yes,11/27/07,50.2,14.3,218,5700,MALE,7.8962,-25.37746,3
241,PAL0708,22,Gentoo penguin (Pygoscelis papua),Anvers,Biscoe,"Adult, 1 Egg Stage",N41A2,Yes,11/27/07,45.1,14.5,215,5000,FEMALE,7.6322,-25.46569,3
242,PAL0708,23,Gentoo penguin (Pygoscelis papua),Anvers,Biscoe,"Adult, 1 Egg Stage",N42A1,Yes,11/27/07,46.5,14.5,213,4400,FEMALE,7.90436,-25.3947,3
243,PAL0708,24,Gentoo penguin (Pygoscelis papua),Anvers,Biscoe,"Adult, 1 Egg Stage",N42A2,Yes,11/27/07,46.3,15.8,215,5050,MALE,7.90971,-25.38157,3
244,PAL0708,25,Gentoo penguin (Pygoscelis papua),Anvers,Biscoe,"Adult, 1 Egg Stage",N44A1,Yes,11/29/07,42.9,13.1,215,5000,FEMALE,7.68528,-25.39181,3
245,PAL0708,26,Gentoo penguin (Pygoscelis papua),Anvers,Biscoe,"Adult, 1 Egg Stage",N44A2,Yes,11/29/07,46.1,15.1,215,5100,MALE,7.83733,-25.42826,3
247,PAL0708,28,Gentoo penguin (Pygoscelis papua),Anvers,Biscoe,"Adult, 1 Egg Stage",N46A2,Yes,11/29/07,47.8,15,215,5650,MALE,7.92358,-25.48383,3
248,PAL0708,29,Gentoo penguin (Pygoscelis papua),Anvers,Biscoe,"Adult, 1 Egg Stage",N47A1,Yes,11/29/07,48.2,14.3,210,4600,FEMALE,7.6887,-25.50811,3
249,PAL0708,30,Gentoo penguin (Pygoscelis papua),Anvers,Biscoe,"Adult, 1 Egg Stage",N47A2,Yes,11/29/07,50,15.3,220,5550,MALE,8.30515,-25.19017,3
251,PAL0708,32,Gentoo penguin (Pygoscelis papua),Anvers,Biscoe,"Adult, 1 Egg Stage",N50A2,Yes,11/29/07,42.8,14.2,209,4700,FEMALE,7.63452,-25.46327,3
252,PAL0708,33,Gentoo penguin (Pygoscelis papua),Anvers,Biscoe,"Adult, 1 Egg Stage",N56A1,Yes,2012/3/7,45.1,14.5,207,5050,FEMALE,7.97408,-25.53768,3
253,PAL0708,34,Gentoo penguin (Pygoscelis papua),Anvers,Biscoe,"Adult, 1 Egg Stage",N56A2,Yes,2012/3/7,59.6,17,230,6050,MALE,7.76843,-25.6821,3
254,PAL0809,35,Gentoo penguin (Pygoscelis papua),Anvers,Biscoe,"Adult, 1 Egg Stage",N2A1,Yes,11/13/08,49.1,14.8,220,5150,FEMALE,7.89744,-26.63405,3
255,PAL0809,36,Gentoo penguin (Pygoscelis papua),Anvers,Biscoe,"Adult, 1 Egg Stage",N2A2,Yes,11/13/08,48.4,16.3,220,5400,MALE,8.03659,-26.86127,3
256,PAL0809,37,Gentoo penguin (Pygoscelis papua),Anvers,Biscoe,"Adult, 1 Egg Stage",N4A1,Yes,2011/2/8,42.6,13.7,213,4950,FEMALE,7.96935,-26.70968,3
257,PAL0809,38,Gentoo penguin (Pygoscelis papua),Anvers,Biscoe,"Adult, 1 Egg Stage",N4A2,Yes,2011/2/8,44.4,17.3,219,5250,MALE,8.13746,-26.79093,3
258,PAL0809,39,Gentoo penguin (Pygoscelis papua),Anvers,Biscoe,"Adult, 1 Egg Stage",N5A1,Yes,2011/9/8,44,13.6,208,4350,FEMALE,8.01979,-26.68311,3
259,PAL0809,40,Gentoo penguin (Pygoscelis papua),Anvers,Biscoe,"Adult, 1 Egg Stage",N5A2,Yes,2011/9/8,48.7,15.7,208,5350,MALE,8.14776,-26.84506,3
260,PAL0809,41,Gentoo penguin (Pygoscelis papua),Anvers,Biscoe,"Adult, 1 Egg Stage",N6A1,No,2011/4/8,42.7,13.7,208,3950,FEMALE,8.14567,-26.59467,3
261,PAL0809,42,Gentoo penguin (Pygoscelis papua),Anvers,Biscoe,"Adult, 1 Egg Stage",N6A2,No,2011/4/8,49.6,16,225,5700,MALE,8.38324,-26.84272,3
262,PAL0809,43,Gentoo penguin (Pygoscelis papua),Anvers,Biscoe,"Adult, 1 Egg Stage",N7A1,Yes,2011/4/8,45.3,13.7,210,4300,FEMALE,8.37615,-26.72791,3
263,PAL0809,44,Gentoo penguin (Pygoscelis papua),Anvers,Biscoe,"Adult, 1 Egg Stage",N7A2,Yes,2011/4/8,49.6,15,216,4750,MALE,8.26548,-26.7699,3
264,PAL0809,45,Gentoo penguin (Pygoscelis papua),Anvers,Biscoe,"Adult, 1 Egg Stage",N8A1,Yes,2011/3/8,50.5,15.9,222,5550,MALE,8.46894,-26.60436,3
265,PAL0809,46,Gentoo penguin (Pygoscelis papua),Anvers,Biscoe,"Adult, 1 Egg Stage",N8A2,Yes,2011/3/8,43.6,13.9,217,4900,FEMALE,8.27141,-26.7765,3
266,PAL0809,47,Gentoo penguin (Pygoscelis papua),Anvers,Biscoe,"Adult, 1 Egg Stage",N11A1,No,2011/9/8,45.5,13.9,210,4200,FEMALE,8.47829,-26.61788,3
267,PAL0809,48,Gentoo penguin (Pygoscelis papua),Anvers,Biscoe,"Adult, 1 Egg Stage",N11A2,No,2011/9/8,50.5,15.9,225,5400,MALE,8.65803,-26.57585,3
268,PAL0809,49,Gentoo penguin (Pygoscelis papua),Anvers,Biscoe,"Adult, 1 Egg Stage",N12A1,Yes,2011/2/8,44.9,13.3,213,5100,FEMALE,8.45167,-26.89644,3
269,PAL0809,50,Gentoo penguin (Pygoscelis papua),Anvers,Biscoe,"Adult, 1 Egg Stage",N12A2,Yes,2011/2/8,45.2,15.8,215,5300,MALE,8.55868,-26.67799,3
270,PAL0809,51,Gentoo penguin (Pygoscelis papua),Anvers,Biscoe,"Adult, 1 Egg Stage",N13A1,Yes,2011/4/8,46.6,14.2,210,4850,FEMALE,8.38289,-26.86352,3
271,PAL0809,52,Gentoo penguin (Pygoscelis papua),Anvers,Biscoe,"Adult, 1 Egg Stage",N13A2,Yes,2011/4/8,48.5,14.1,220,5300,MALE,8.39867,-26.79358,3
272,PAL0809,53,Gentoo penguin (Pygoscelis papua),Anvers,Biscoe,"Adult, 1 Egg Stage",N14A1,Yes,2011/4/8,45.1,14.4,210,4400,FEMALE,8.51951,-27.01854,3
273,PAL0809,54,Gentoo penguin (Pygoscelis papua),Anvers,Biscoe,"Adult, 1 Egg Stage",N14A2,Yes,2011/4/8,50.1,15,225,5000,MALE,8.50153,-26.61414,3
274,PAL0809,55,Gentoo penguin (Pygoscelis papua),Anvers,Biscoe,"Adult, 1 Egg Stage",N15A1,Yes,2011/4/8,46.5,14.4,217,4900,FEMALE,8.48789,-26.83006,3
275,PAL0809,56,Gentoo penguin (Pygoscelis papua),Anvers,Biscoe,"Adult, 1 Egg Stage",N15A2,Yes,2011/4/8,45,15.4,220,5050,MALE,8.63488,-26.75621,3
276,PAL0809,57,Gentoo penguin (Pygoscelis papua),Anvers,Biscoe,"Adult, 1 Egg Stage",N16A1,Yes,2011/3/8,43.8,13.9,208,4300,FEMALE,8.58319,-26.84415,3
277,PAL0809,58,Gentoo penguin (Pygoscelis papua),Anvers,Biscoe,"Adult, 1 Egg Stage",N16A2,Yes,2011/3/8,45.5,15,220,5000,MALE,8.63604,-26.7489,3
278,PAL0809,59,Gentoo penguin (Pygoscelis papua),Anvers,Biscoe,"Adult, 1 Egg Stage",N17A1,Yes,2011/6/8,43.2,14.5,208,4450,FEMALE,8.48367,-26.86485,3
279,PAL0809,60,Gentoo penguin (Pygoscelis papua),Anvers,Biscoe,"Adult, 1 Egg Stage",N17A2,Yes,2011/6/8,50.4,15.3,224,5550,MALE,8.74647,-26.79846,3
280,PAL0809,61,Gentoo penguin (Pygoscelis papua),Anvers,Biscoe,"Adult, 1 Egg Stage",N18A1,Yes,2011/3/8,45.3,13.8,208,4200,FEMALE,8.65015,-26.79053,3
281,PAL0809,62,Gentoo penguin (Pygoscelis papua),Anvers,Biscoe,"Adult, 1 Egg Stage",N18A2,Yes,2011/3/8,46.2,14.9,221,5300,MALE,8.60092,-26.84374,3
282,PAL0809,63,Gentoo penguin (Pygoscelis papua),Anvers,Biscoe,"Adult, 1 Egg Stage",N19A1,Yes,11/13/08,45.7,13.9,214,4400,FEMALE,8.6287,-26.60484,3
283,PAL0809,64,Gentoo penguin (Pygoscelis papua),Anvers,Biscoe,"Adult, 1 Egg Stage",N19A2,Yes,11/13/08,54.3,15.7,231,5650,MALE,8.49662,-26.84166,3
284,PAL0809,65,Gentoo penguin (Pygoscelis papua),Anvers,Biscoe,"Adult, 1 Egg Stage",N20A1,Yes,2011/4/8,45.8,14.2,219,4700,FEMALE,8.60447,-26.61601,3
285,PAL0809,66,Gentoo penguin (Pygoscelis papua),Anvers,Biscoe,"Adult, 1 Egg Stage",N20A2,Yes,2011/4/8,49.8,16.8,230,5700,MALE,8.47067,-26.69166,3
287,PAL0809,68,Gentoo penguin (Pygoscelis papua),Anvers,Biscoe,"Adult, 1 Egg Stage",N51A2,Yes,2011/9/8,49.5,16.2,229,5800,MALE,8.49854,-26.74809,3
288,PAL0809,69,Gentoo penguin (Pygoscelis papua),Anvers,Biscoe,"Adult, 1 Egg Stage",N53A1,Yes,11/13/08,43.5,14.2,220,4700,FEMALE,8.64931,-26.68867,3
289,PAL0809,70,Gentoo penguin (Pygoscelis papua),Anvers,Biscoe,"Adult, 1 Egg Stage",N53A2,Yes,11/13/08,50.7,15,223,5550,MALE,8.63551,-26.74249,3
290,PAL0809,71,Gentoo penguin (Pygoscelis papua),Anvers,Biscoe,"Adult, 1 Egg Stage",N54A1,Yes,2011/3/8,47.7,15,216,4750,FEMALE,8.53018,-26.72751,3
291,PAL0809,72,Gentoo penguin (Pygoscelis papua),Anvers,Biscoe,"Adult, 1 Egg Stage",N54A2,Yes,2011/3/8,46.4,15.6,221,5000,MALE,8.35078,-26.70783,3
292,PAL0809,73,Gentoo penguin (Pygoscelis papua),Anvers,Biscoe,"Adult, 1 Egg Stage",N55A1,Yes,2011/9/8,48.2,15.6,221,5100,MALE,8.24651,-26.66958,3
293,PAL0809,74,Gentoo penguin (Pygoscelis papua),Anvers,Biscoe,"Adult, 1 Egg Stage",N55A2,Yes,2011/9/8,46.5,14.8,217,5200,FEMALE,8.58487,-26.5929,3
294,PAL0809,75,Gentoo penguin (Pygoscelis papua),Anvers,Biscoe,"Adult, 1 Egg Stage",N56A1,Yes,2011/6/8,46.4,15,216,4700,FEMALE,8.47938,-26.9547,3
295,PAL0809,76,Gentoo penguin (Pygoscelis papua),Anvers,Biscoe,"Adult, 1 Egg Stage",N56A2,Yes,2011/6/8,48.6,16,230,5800,MALE,8.5964,-26.71199,3
296,PAL0809,77,Gentoo penguin (Pygoscelis papua),Anvers,Biscoe,"Adult, 1 Egg Stage",N58A1,Yes,2011/6/8,47.5,14.2,209,4600,FEMALE,8.39299,-26.78733,3
297,PAL0809,78,Gentoo penguin (Pygoscelis papua),Anvers,Biscoe,"Adult, 1 Egg Stage",N58A2,Yes,2011/6/8,51.1,16.3,220,6000,MALE,8.40327,-26.76821,3
298,PAL0809,79,Gentoo penguin (Pygoscelis papua),Anvers,Biscoe,"Adult, 1 Egg Stage",N60A1,Yes,2011/9/8,45.2,13.8,215,4750,FEMALE,8.24694,-26.65359,3
299,PAL0809,80,Gentoo penguin (Pygoscelis papua),Anvers,Biscoe,"Adult, 1 Egg Stage",N60A2,Yes,2011/9/8,45.2,16.4,223,5950,MALE,8.19749,-26.65931,3
300,PAL0910,81,Gentoo penguin (Pygoscelis papua),Anvers,Biscoe,"Adult, 1 Egg Stage",N1A1,Yes,11/18/09,49.1,14.5,212,4625,FEMALE,8.35802,-26.2766,3
301,PAL0910,82,Gentoo penguin (Pygoscelis papua),Anvers,Biscoe,"Adult, 1 Egg Stage",N1A2,Yes,11/18/09,52.5,15.6,221,5450,MALE,8.28601,-26.27573,3
302,PAL0910,83,Gentoo penguin (Pygoscelis papua),Anvers,Biscoe,"Adult, 1 Egg Stage",N6A1,Yes,11/15/09,47.4,14.6,212,4725,FEMALE,8.19101,-26.24369,3
303,PAL0910,84,Gentoo penguin (Pygoscelis papua),Anvers,Biscoe,"Adult, 1 Egg Stage",N6A2,Yes,11/15/09,50,15.9,224,5350,MALE,8.20042,-26.39677,3
304,PAL0910,85,Gentoo penguin (Pygoscelis papua),Anvers,Biscoe,"Adult, 1 Egg Stage",N8A1,Yes,11/22/09,44.9,13.8,212,4750,FEMALE,8.11238,-26.20372,3
305,PAL0910,86,Gentoo penguin (Pygoscelis papua),Anvers,Biscoe,"Adult, 1 Egg Stage",N8A2,Yes,11/22/09,50.8,17.3,228,5600,MALE,8.27428,-26.30019,3
306,PAL0910,87,Gentoo penguin (Pygoscelis papua),Anvers,Biscoe,"Adult, 1 Egg Stage",N13A1,Yes,11/20/09,43.4,14.4,218,4600,FEMALE,8.23468,-26.18599,3
307,PAL0910,88,Gentoo penguin (Pygoscelis papua),Anvers,Biscoe,"Adult, 1 Egg Stage",N13A2,Yes,11/20/09,51.3,14.2,218,5300,MALE,8.15426,-26.3433,3
308,PAL0910,89,Gentoo penguin (Pygoscelis papua),Anvers,Biscoe,"Adult, 1 Egg Stage",N14A1,Yes,11/25/09,47.5,14,212,4875,FEMALE,8.12691,-26.23613,3
309,PAL0910,90,Gentoo penguin (Pygoscelis papua),Anvers,Biscoe,"Adult, 1 Egg Stage",N14A2,Yes,11/25/09,52.1,17,230,5550,MALE,8.27595,-26.11657,3
310,PAL0910,91,Gentoo penguin (Pygoscelis papua),Anvers,Biscoe,"Adult, 1 Egg Stage",N15A1,Yes,11/25/09,47.5,15,218,4950,FEMALE,8.29671,-26.08547,3
311,PAL0910,92,Gentoo penguin (Pygoscelis papua),Anvers,Biscoe,"Adult, 1 Egg Stage",N15A2,Yes,11/25/09,52.2,17.1,228,5400,MALE,8.36701,-25.89834,3
312,PAL0910,93,Gentoo penguin (Pygoscelis papua),Anvers,Biscoe,"Adult, 1 Egg Stage",N18A1,Yes,2012/1/9,45.5,14.5,212,4750,FEMALE,8.15566,-26.22848,3
313,PAL0910,94,Gentoo penguin (Pygoscelis papua),Anvers,Biscoe,"Adult, 1 Egg Stage",N18A2,Yes,2012/1/9,49.5,16.1,224,5650,MALE,8.83352,-25.69195,3
314,PAL0910,95,Gentoo penguin (Pygoscelis papua),Anvers,Biscoe,"Adult, 1 Egg Stage",N19A1,Yes,11/27/09,44.5,14.7,214,4850,FEMALE,8.20106,-26.16524,3
315,PAL0910,96,Gentoo penguin (Pygoscelis papua),Anvers,Biscoe,"Adult, 1 Egg Stage",N19A2,Yes,11/27/09,50.8,15.7,226,5200,MALE,8.27102,-26.11244,3
316,PAL0910,97,Gentoo penguin (Pygoscelis papua),Anvers,Biscoe,"Adult, 1 Egg Stage",N20A1,Yes,11/18/09,49.4,15.8,216,4925,MALE,8.03624,-26.06594,3
317,PAL0910,98,Gentoo penguin (Pygoscelis papua),Anvers,Biscoe,"Adult, 1 Egg Stage",N20A2,Yes,11/18/09,46.9,14.6,222,4875,FEMALE,7.8881,-26.04726,3
318,PAL0910,99,Gentoo penguin (Pygoscelis papua),Anvers,Biscoe,"Adult, 1 Egg Stage",N21A1,Yes,11/18/09,48.4,14.4,203,4625,FEMALE,8.16582,-26.13971,3
319,PAL0910,100,Gentoo penguin (Pygoscelis papua),Anvers,Biscoe,"Adult, 1 Egg Stage",N21A2,Yes,11/18/09,51.1,16.5,225,5250,MALE,8.2066,-26.36863,3
320,PAL0910,101,Gentoo penguin (Pygoscelis papua),Anvers,Biscoe,"Adult, 1 Egg Stage",N22A1,Yes,11/22/09,48.5,15,219,4850,FEMALE,8.10231,-26.18763,3
321,PAL0910,102,Gentoo penguin (Pygoscelis papua),Anvers,Biscoe,"Adult, 1 Egg Stage",N22A2,Yes,11/22/09,55.9,17,228,5600,MALE,8.3118,-26.35425,3
322,PAL0910,103,Gentoo penguin (Pygoscelis papua),Anvers,Biscoe,"Adult, 1 Egg Stage",N23A1,Yes,11/18/09,47.2,15.5,215,4975,FEMALE,8.30817,-26.21651,3
323,PAL0910,104,Gentoo penguin (Pygoscelis papua),Anvers,Biscoe,"Adult, 1 Egg Stage",N23A2,Yes,11/18/09,49.1,15,228,5500,MALE,8.65914,-25.79203,3
325,PAL0910,106,Gentoo penguin (Pygoscelis papua),Anvers,Biscoe,"Adult, 1 Egg Stage",N24A2,Yes,2012/1/9,46.8,16.1,215,5500,MALE,8.32359,-26.05756,3
326,PAL0910,107,Gentoo penguin (Pygoscelis papua),Anvers,Biscoe,"Adult, 1 Egg Stage",N28A1,Yes,2011/10/9,41.7,14.7,210,4700,FEMALE,8.12311,-26.44815,3
327,PAL0910,108,Gentoo penguin (Pygoscelis papua),Anvers,Biscoe,"Adult, 1 Egg Stage",N28A2,Yes,2011/10/9,53.4,15.8,219,5500,MALE,8.41017,-26.33867,3
328,PAL0910,109,Gentoo penguin (Pygoscelis papua),Anvers,Biscoe,"Adult, 1 Egg Stage",N29A1,Yes,2011/9/9,43.3,14,208,4575,FEMALE,8.4207,-26.38092,3
329,PAL0910,110,Gentoo penguin (Pygoscelis papua),Anvers,Biscoe,"Adult, 1 Egg Stage",N29A2,Yes,2011/9/9,48.1,15.1,209,5500,MALE,8.45738,-26.22664,3
330,PAL0910,111,Gentoo penguin (Pygoscelis papua),Anvers,Biscoe,"Adult, 1 Egg Stage",N32A1,Yes,11/20/09,50.5,15.2,216,5000,FEMALE,8.24691,-26.18466,3
331,PAL0910,112,Gentoo penguin (Pygoscelis papua),Anvers,Biscoe,"Adult, 1 Egg Stage",N32A2,Yes,11/20/09,49.8,15.9,229,5950,MALE,8.29226,-26.21019,3
332,PAL0910,113,Gentoo penguin (Pygoscelis papua),Anvers,Biscoe,"Adult, 1 Egg Stage",N34A1,Yes,11/27/09,43.5,15.2,213,4650,FEMALE,8.21634,-26.11046,3
333,PAL0910,114,Gentoo penguin (Pygoscelis papua),Anvers,Biscoe,"Adult, 1 Egg Stage",N34A2,Yes,11/27/09,51.5,16.3,230,5500,MALE,8.78557,-25.76147,3
334,PAL0910,115,Gentoo penguin (Pygoscelis papua),Anvers,Biscoe,"Adult, 1 Egg Stage",N35A1,Yes,11/25/09,46.2,14.1,217,4375,FEMALE,8.30231,-25.96013,3
335,PAL0910,116,Gentoo penguin (Pygoscelis papua),Anvers,Biscoe,"Adult, 1 Egg Stage",N35A2,Yes,11/25/09,55.1,16,230,5850,MALE,8.08354,-26.18161,3
336,PAL0910,117,Gentoo penguin (Pygoscelis papua),Anvers,Biscoe,"Adult, 1 Egg Stage",N36A1,Yes,2012/1/9,44.5,15.7,217,4875,.,8.04111,-26.18444,3
337,PAL0910,118,Gentoo penguin (Pygoscelis papua),Anvers,Biscoe,"Adult, 1 Egg Stage",N36A2,Yes,2012/1/9,48.8,16.2,222,6000,MALE,8.33825,-25.88547,3
338,PAL0910,119,Gentoo penguin (Pygoscelis papua),Anvers,Biscoe,"Adult, 1 Egg Stage",N38A1,No,2012/1/9,47.2,13.7,214,4925,FEMALE,7.99184,-26.20538,3
340,PAL0910,121,Gentoo penguin (Pygoscelis papua),Anvers,Biscoe,"Adult, 1 Egg Stage",N39A1,Yes,11/22/09,46.8,14.3,215,4850,FEMALE,8.41151,-26.13832,3
341,PAL0910,122,Gentoo penguin (Pygoscelis papua),Anvers,Biscoe,"Adult, 1 Egg Stage",N39A2,Yes,11/22/09,50.4,15.7,222,5750,MALE,8.30166,-26.04117,3
342,PAL0910,123,Gentoo penguin (Pygoscelis papua),Anvers,Biscoe,"Adult, 1 Egg Stage",N43A1,Yes,11/22/09,45.2,14.8,212,5200,FEMALE,8.24246,-26.11969,3
343,PAL0910,124,Gentoo penguin (Pygoscelis papua),Anvers,Biscoe,"Adult, 1 Egg Stage",N43A2,Yes,11/22/09,49.9,16.1,213,5400,MALE,8.3639,-26.15531,3
